-- MySQL dump 10.13  Distrib 8.0.27, for Win64 (x86_64)
--
-- Host: 127.0.0.1    Database: new_schema
-- ------------------------------------------------------
-- Server version	8.0.27

/*!40101 SET @OLD_CHARACTER_SET_CLIENT=@@CHARACTER_SET_CLIENT */;
/*!40101 SET @OLD_CHARACTER_SET_RESULTS=@@CHARACTER_SET_RESULTS */;
/*!40101 SET @OLD_COLLATION_CONNECTION=@@COLLATION_CONNECTION */;
/*!50503 SET NAMES utf8 */;
/*!40103 SET @OLD_TIME_ZONE=@@TIME_ZONE */;
/*!40103 SET TIME_ZONE='+00:00' */;
/*!40014 SET @OLD_UNIQUE_CHECKS=@@UNIQUE_CHECKS, UNIQUE_CHECKS=0 */;
/*!40014 SET @OLD_FOREIGN_KEY_CHECKS=@@FOREIGN_KEY_CHECKS, FOREIGN_KEY_CHECKS=0 */;
/*!40101 SET @OLD_SQL_MODE=@@SQL_MODE, SQL_MODE='NO_AUTO_VALUE_ON_ZERO' */;
/*!40111 SET @OLD_SQL_NOTES=@@SQL_NOTES, SQL_NOTES=0 */;

--
-- Table structure for table `comentario`
--

DROP TABLE IF EXISTS `comentario`;
/*!40101 SET @saved_cs_client     = @@character_set_client */;
/*!50503 SET character_set_client = utf8mb4 */;
CREATE TABLE `comentario` (
  `id` int NOT NULL AUTO_INCREMENT,
  `apodo` varchar(20) DEFAULT NULL,
  `titulo` varchar(50) DEFAULT NULL,
  `descripcion` varchar(150) DEFAULT NULL,
  `id_contenido` int DEFAULT NULL,
  PRIMARY KEY (`id`)
) ENGINE=InnoDB AUTO_INCREMENT=217 DEFAULT CHARSET=utf8mb4 COLLATE=utf8mb4_0900_ai_ci;
/*!40101 SET character_set_client = @saved_cs_client */;

--
-- Dumping data for table `comentario`
--

LOCK TABLES `comentario` WRITE;
/*!40000 ALTER TABLE `comentario` DISABLE KEYS */;
INSERT INTO `comentario` VALUES (1,'kcadwaladr0','User-friendly solution-oriented pricing structure','proin at turpis a pede posuere nonummy integer non velit donec diam neque vestibulum eget vulputate ut ultrices',6),(2,'ldixie1','Configurable upward-trending hub','ultrices phasellus id sapien in sapien iaculis congue vivamus metus arcu adipiscing molestie hendrerit',8),(3,'bdorie2','Re-engineered local functionalities','justo aliquam quis turpis eget elit sodales scelerisque mauris sit amet eros suspendisse accumsan tortor quis turpis',4),(4,'atwigger3','Ameliorated stable help-desk','donec odio justo sollicitudin ut suscipit a feugiat et eros',1),(5,'wrichardson4','Future-proofed disintermediate groupware','tempus sit amet sem fusce consequat nulla nisl nunc nisl duis bibendum felis sed interdum venenatis turpis enim blandit',2),(6,'jclaypoole5','Horizontal non-volatile database','justo eu massa donec dapibus duis at velit eu est congue elementum in hac habitasse platea dictumst morbi vestibulum velit',8),(7,'tvangiffen6','Total well-modulated knowledge base','amet lobortis sapien sapien non mi integer ac neque duis bibendum morbi non quam nec dui luctus',6),(8,'spitkethly7','Grass-roots content-based capacity','sem sed sagittis nam congue risus semper porta volutpat quam pede lobortis ligula sit amet eleifend pede',6),(9,'tschottli8','Profit-focused mission-critical encoding','quis turpis sed ante vivamus tortor duis mattis egestas metus aenean fermentum donec ut',6),(10,'jmacci9','Upgradable solution-oriented benchmark','justo eu massa donec dapibus duis at velit eu est congue elementum in hac habitasse platea',6),(11,'cmccleoda','Ameliorated optimizing pricing structure','et commodo vulputate justo in blandit ultrices enim lorem ipsum dolor sit amet consectetuer adipiscing elit proin interdum mauris non',9),(12,'bdanbyb','Digitized executive architecture','dapibus duis at velit eu est congue elementum in hac habitasse platea dictumst morbi vestibulum velit id pretium iaculis',7),(13,'jcryerc','User-centric tertiary collaboration','ridiculus mus vivamus vestibulum sagittis sapien cum sociis natoque penatibus et',6),(14,'drouffd','Balanced attitude-oriented paradigm','amet nulla quisque arcu libero rutrum ac lobortis vel dapibus at diam nam tristique tortor eu',9),(15,'ateale','Realigned leading edge budgetary management','in lacus curabitur at ipsum ac tellus semper interdum mauris ullamcorper purus',5),(16,'rkubekf','Implemented hybrid success','enim sit amet nunc viverra dapibus nulla suscipit ligula in lacus curabitur at',6),(18,'rbierh','Integrated human-resource system engine','commodo vulputate justo in blandit ultrices enim lorem ipsum dolor sit amet consectetuer',4),(19,'livei','Expanded asymmetric frame','vestibulum quam sapien varius ut blandit non interdum in ante vestibulum ante',3),(20,'icoldhamj','Monitored zero administration moderator','leo maecenas pulvinar lobortis est phasellus sit amet erat nulla tempus',6),(21,'jcollifordk','Implemented bifurcated monitoring','purus aliquet at feugiat non pretium quis lectus suspendisse potenti in eleifend quam a odio in',2),(22,'atesoel','Extended leading edge definition','luctus et ultrices posuere cubilia curae nulla dapibus dolor vel est donec odio justo sollicitudin ut suscipit a feugiat et',4),(23,'gedgem','Sharable intermediate hierarchy','lorem integer tincidunt ante vel ipsum praesent blandit lacinia erat vestibulum',1),(24,'bliffn','Total eco-centric hub','nulla nunc purus phasellus in felis donec semper sapien a',1),(25,'ceverardo','Down-sized multimedia budgetary management','nulla nunc purus phasellus in felis donec semper sapien a libero nam',9),(26,'loglesp','De-engineered zero defect local area network','lectus in est risus auctor sed tristique in tempus sit amet sem fusce consequat nulla nisl nunc nisl duis',7),(27,'fwadhamsq','Managed cohesive local area network','tristique fusce congue diam id ornare imperdiet sapien urna pretium nisl ut volutpat sapien arcu sed augue aliquam erat',9),(28,'otimbrellr','Self-enabling directional architecture','convallis nulla neque libero convallis eget eleifend luctus ultricies eu nibh quisque id justo sit amet',2),(29,'rkarmels','Synergistic incremental function','aliquam convallis nunc proin at turpis a pede posuere nonummy integer non velit donec diam neque vestibulum eget vulputate',2),(30,'vickovitzt','Polarised executive capacity','quis tortor id nulla ultrices aliquet maecenas leo odio condimentum id luctus nec molestie sed justo pellentesque viverra pede ac',3),(31,'amulqueenu','Future-proofed value-added encryption','risus praesent lectus vestibulum quam sapien varius ut blandit non interdum in ante vestibulum ante',7),(32,'bhonniebalv','Fundamental solution-oriented orchestration','molestie hendrerit at vulputate vitae nisl aenean lectus pellentesque eget nunc donec quis orci',2),(33,'kquarlesw','Configurable maximized matrix','lectus in est risus auctor sed tristique in tempus sit amet sem fusce consequat nulla nisl nunc',2),(34,'sposkittx','Public-key radical collaboration','metus arcu adipiscing molestie hendrerit at vulputate vitae nisl aenean lectus',9),(35,'sbrewery','Profit-focused object-oriented architecture','amet cursus id turpis integer aliquet massa id lobortis convallis tortor risus dapibus augue vel accumsan tellus nisi',7),(36,'tpinsentz','Stand-alone high-level alliance','orci eget orci vehicula condimentum curabitur in libero ut massa volutpat convallis morbi odio odio elementum eu interdum eu',5),(37,'frosenberger10','Ameliorated holistic artificial intelligence','dolor quis odio consequat varius integer ac leo pellentesque ultrices mattis odio donec vitae nisi nam ultrices libero non',4),(38,'speyto11','Balanced empowering success','nisl aenean lectus pellentesque eget nunc donec quis orci eget orci vehicula condimentum curabitur in',1),(39,'gbiddlestone12','Customer-focused content-based info-mediaries','lectus vestibulum quam sapien varius ut blandit non interdum in ante vestibulum',6),(40,'lilem13','Integrated asynchronous infrastructure','pede venenatis non sodales sed tincidunt eu felis fusce posuere felis',2),(41,'nskipton14','Diverse disintermediate task-force','velit nec nisi vulputate nonummy maecenas tincidunt lacus at velit vivamus vel nulla eget eros elementum pellentesque',7),(42,'jaldcorne15','Implemented discrete structure','semper porta volutpat quam pede lobortis ligula sit amet eleifend pede libero quis',4),(43,'mruegg16','Enhanced actuating projection','facilisi cras non velit nec nisi vulputate nonummy maecenas tincidunt lacus',2),(44,'cfogt17','Face to face zero administration toolset','quam suspendisse potenti nullam porttitor lacus at turpis donec posuere metus vitae ipsum aliquam non mauris morbi non lectus aliquam',7),(45,'fcapelin18','Virtual value-added moderator','volutpat convallis morbi odio odio elementum eu interdum eu tincidunt in',0),(46,'nmathonnet19','Profound next generation protocol','suscipit nulla elit ac nulla sed vel enim sit amet nunc viverra dapibus nulla suscipit ligula in lacus',1),(47,'dcervantes1a','Adaptive zero defect budgetary management','in faucibus orci luctus et ultrices posuere cubilia curae donec pharetra magna vestibulum aliquet ultrices erat',5),(48,'mleisman1b','Face to face bandwidth-monitored interface','ante vestibulum ante ipsum primis in faucibus orci luctus et ultrices posuere cubilia',9),(49,'gcampana1c','Enhanced zero administration extranet','varius ut blandit non interdum in ante vestibulum ante ipsum primis in faucibus orci luctus et ultrices posuere cubilia curae',8),(50,'bmachostie1d','Persevering systematic local area network','varius integer ac leo pellentesque ultrices mattis odio donec vitae nisi nam ultrices libero non mattis pulvinar nulla pede ullamcorper',6),(51,'rguerriero1e','Open-source user-facing firmware','leo pellentesque ultrices mattis odio donec vitae nisi nam ultrices libero non mattis',6),(52,'jpendlebery1f','Future-proofed modular definition','gravida sem praesent id massa id nisl venenatis lacinia aenean sit',4),(53,'bmacrory1g','Enhanced actuating methodology','est quam pharetra magna ac consequat metus sapien ut nunc',9),(54,'blogue1h','Versatile maximized installation','orci vehicula condimentum curabitur in libero ut massa volutpat convallis morbi odio odio elementum eu interdum',0),(55,'borkney1i','Triple-buffered stable toolset','in magna bibendum imperdiet nullam orci pede venenatis non sodales',7),(56,'cstanlake1j','Enterprise-wide 24/7 extranet','augue a suscipit nulla elit ac nulla sed vel enim sit amet nunc viverra dapibus nulla suscipit',2),(57,'abackler1k','Synergistic analyzing architecture','convallis duis consequat dui nec nisi volutpat eleifend donec ut dolor morbi vel lectus in quam fringilla',6),(58,'btingcomb1l','Progressive radical website','metus vitae ipsum aliquam non mauris morbi non lectus aliquam sit amet diam in magna bibendum imperdiet nullam orci pede',8),(59,'rkenen1m','Compatible clear-thinking open architecture','ullamcorper augue a suscipit nulla elit ac nulla sed vel enim sit amet nunc viverra dapibus nulla',5),(60,'aros1n','Expanded empowering concept','aliquam lacus morbi quis tortor id nulla ultrices aliquet maecenas leo odio condimentum id luctus',0),(61,'askeene1o','Upgradable clear-thinking contingency','vulputate elementum nullam varius nulla facilisi cras non velit nec nisi vulputate nonummy maecenas tincidunt lacus at',5),(62,'amccrillis1p','De-engineered analyzing encryption','nunc viverra dapibus nulla suscipit ligula in lacus curabitur at',1),(63,'jparadise1q','Public-key grid-enabled support','neque libero convallis eget eleifend luctus ultricies eu nibh quisque id justo sit amet sapien',0),(64,'cnassi1r','Up-sized optimal infrastructure','eu sapien cursus vestibulum proin eu mi nulla ac enim in tempor turpis nec euismod scelerisque quam',4),(65,'mjoddens1s','Enterprise-wide leading edge secured line','sapien arcu sed augue aliquam erat volutpat in congue etiam justo etiam pretium',6),(66,'amattielli1t','Reactive non-volatile framework','varius ut blandit non interdum in ante vestibulum ante ipsum primis in faucibus orci luctus et',8),(67,'scheccuzzi1u','Enterprise-wide 24/7 neural-net','nulla integer pede justo lacinia eget tincidunt eget tempus vel pede morbi porttitor lorem id',5),(68,'mjodlowski1v','Team-oriented actuating archive','vestibulum velit id pretium iaculis diam erat fermentum justo nec',4),(69,'naizic1w','Inverse optimal infrastructure','elementum nullam varius nulla facilisi cras non velit nec nisi vulputate nonummy maecenas',9),(70,'fmackonochie1x','Down-sized neutral service-desk','faucibus orci luctus et ultrices posuere cubilia curae mauris viverra diam',9),(71,'fpasse1y','Horizontal solution-oriented throughput','at feugiat non pretium quis lectus suspendisse potenti in eleifend quam a odio',3),(72,'chawley1z','Managed explicit software','auctor gravida sem praesent id massa id nisl venenatis lacinia aenean sit amet justo morbi ut odio cras',9),(73,'jpearcey20','Versatile object-oriented moratorium','nulla ultrices aliquet maecenas leo odio condimentum id luctus nec molestie sed justo pellentesque viverra pede ac diam cras',9),(74,'cbrimilcome21','Inverse user-facing policy','suspendisse potenti nullam porttitor lacus at turpis donec posuere metus vitae ipsum aliquam non mauris morbi non lectus aliquam',5),(75,'ntulk22','Persistent bottom-line workforce','ac neque duis bibendum morbi non quam nec dui luctus rutrum nulla tellus in sagittis dui vel',2),(76,'akohtler23','Total actuating productivity','donec ut dolor morbi vel lectus in quam fringilla rhoncus mauris',6),(77,'thadwen24','Implemented content-based success','consequat morbi a ipsum integer a nibh in quis justo maecenas rhoncus aliquam lacus morbi',3),(78,'ctrevaskiss25','Realigned systematic analyzer','at dolor quis odio consequat varius integer ac leo pellentesque ultrices mattis',9),(79,'mshephard26','Exclusive bandwidth-monitored approach','pede justo lacinia eget tincidunt eget tempus vel pede morbi porttitor',9),(80,'hcarillo27','Quality-focused radical architecture','nunc proin at turpis a pede posuere nonummy integer non velit donec diam neque vestibulum eget vulputate ut ultrices',7),(81,'brangall28','Decentralized multimedia hardware','varius nulla facilisi cras non velit nec nisi vulputate nonummy maecenas tincidunt lacus at velit vivamus vel nulla eget eros',7),(82,'bcamili29','Cloned modular hub','eu orci mauris lacinia sapien quis libero nullam sit amet turpis elementum',2),(83,'ngilchrist2a','Profound eco-centric infrastructure','amet consectetuer adipiscing elit proin interdum mauris non ligula pellentesque ultrices phasellus id sapien in',2),(84,'mgallehock2b','Monitored eco-centric pricing structure','id consequat in consequat ut nulla sed accumsan felis ut',5),(85,'jfouracres2c','Cloned 4th generation service-desk','justo eu massa donec dapibus duis at velit eu est congue elementum in',5),(86,'folyet2d','Advanced motivating contingency','enim in tempor turpis nec euismod scelerisque quam turpis adipiscing lorem vitae mattis nibh',7),(87,'vmarcinkus2e','Exclusive transitional paradigm','massa tempor convallis nulla neque libero convallis eget eleifend luctus ultricies eu nibh quisque id justo',7),(88,'aferriman2f','Automated 3rd generation complexity','duis mattis egestas metus aenean fermentum donec ut mauris eget massa tempor convallis nulla',5),(89,'rrosencwaig2g','Profit-focused disintermediate definition','ac neque duis bibendum morbi non quam nec dui luctus',3),(90,'bravilious2h','Integrated context-sensitive Graphic Interface','curabitur in libero ut massa volutpat convallis morbi odio odio elementum eu interdum eu tincidunt in leo maecenas pulvinar lobortis',1),(91,'bdinsdale2i','User-centric uniform application','scelerisque mauris sit amet eros suspendisse accumsan tortor quis turpis',9),(92,'mmaddicks2j','Business-focused logistical circuit','erat volutpat in congue etiam justo etiam pretium iaculis justo in',3),(93,'dhuson2k','Virtual static Graphical User Interface','nascetur ridiculus mus vivamus vestibulum sagittis sapien cum sociis natoque',4),(94,'bklimentyev2l','Organized mobile core','etiam vel augue vestibulum rutrum rutrum neque aenean auctor gravida sem praesent id massa id',4),(95,'jgaukrodge2m','Switchable multimedia secured line','a libero nam dui proin leo odio porttitor id consequat in consequat ut nulla sed accumsan felis ut',6),(96,'jlowden2n','Proactive non-volatile extranet','adipiscing lorem vitae mattis nibh ligula nec sem duis aliquam convallis nunc',6),(97,'gbondy2o','Organic optimizing support','consequat morbi a ipsum integer a nibh in quis justo maecenas rhoncus aliquam lacus morbi quis tortor id',7),(98,'kbarmadier2p','Devolved disintermediate attitude','molestie nibh in lectus pellentesque at nulla suspendisse potenti cras in purus',2),(99,'euccello2q','Centralized background forecast','porta volutpat quam pede lobortis ligula sit amet eleifend pede libero quis orci nullam molestie nibh in lectus',0),(100,'bmcgirr2r','Synergistic mission-critical installation','quam pede lobortis ligula sit amet eleifend pede libero quis orci nullam molestie nibh in lectus',9),(101,'sixer2s','Digitized radical capability','dui vel nisl duis ac nibh fusce lacus purus aliquet at feugiat non pretium quis lectus suspendisse potenti in eleifend',5),(102,'cwalenta2t','Intuitive static focus group','dui nec nisi volutpat eleifend donec ut dolor morbi vel lectus in quam fringilla',3),(103,'kashenhurst2u','Customizable tertiary interface','pharetra magna ac consequat metus sapien ut nunc vestibulum ante ipsum primis in faucibus orci luctus et ultrices posuere',5),(104,'ccoots2v','Upgradable system-worthy alliance','nisl ut volutpat sapien arcu sed augue aliquam erat volutpat in congue etiam justo etiam pretium',5),(105,'cexeter2w','Customer-focused intermediate orchestration','gravida nisi at nibh in hac habitasse platea dictumst aliquam augue quam',6),(106,'nandrzejak2x','Customer-focused heuristic matrix','enim in tempor turpis nec euismod scelerisque quam turpis adipiscing lorem vitae',3),(107,'taimeric2y','Pre-emptive actuating standardization','nulla integer pede justo lacinia eget tincidunt eget tempus vel',2),(108,'jcosham2z','Synchronised system-worthy hardware','primis in faucibus orci luctus et ultrices posuere cubilia curae',9),(109,'doherlihy30','Monitored interactive array','gravida nisi at nibh in hac habitasse platea dictumst aliquam augue quam sollicitudin vitae consectetuer eget rutrum at lorem integer',7),(110,'csherlaw31','Mandatory maximized encryption','bibendum morbi non quam nec dui luctus rutrum nulla tellus in sagittis dui vel nisl',7),(111,'groydon32','Decentralized bifurcated orchestration','ipsum primis in faucibus orci luctus et ultrices posuere cubilia curae mauris viverra diam vitae quam',2),(112,'wloveday33','Universal human-resource initiative','viverra pede ac diam cras pellentesque volutpat dui maecenas tristique est et tempus semper est quam pharetra magna',9),(113,'ftankin34','Programmable encompassing parallelism','quisque erat eros viverra eget congue eget semper rutrum nulla nunc purus phasellus in felis',0),(114,'flabin35','Intuitive non-volatile encoding','quam suspendisse potenti nullam porttitor lacus at turpis donec posuere metus vitae',4),(115,'cfazzioli36','Proactive incremental frame','nunc commodo placerat praesent blandit nam nulla integer pede justo lacinia',9),(116,'imaffei37','Self-enabling 3rd generation Graphic Interface','donec ut dolor morbi vel lectus in quam fringilla rhoncus mauris enim leo rhoncus sed vestibulum sit',8),(117,'dscutchin38','Business-focused web-enabled function','ultrices erat tortor sollicitudin mi sit amet lobortis sapien sapien non mi integer ac',2),(118,'dfavel39','Cross-platform mobile toolset','faucibus orci luctus et ultrices posuere cubilia curae donec pharetra magna vestibulum aliquet ultrices erat',5),(119,'gcheco3a','Quality-focused background strategy','felis ut at dolor quis odio consequat varius integer ac',0),(120,'kkohen3b','Visionary composite system engine','augue aliquam erat volutpat in congue etiam justo etiam pretium iaculis justo in hac habitasse platea dictumst etiam faucibus cursus',0),(121,'skierans3c','Up-sized didactic concept','sed nisl nunc rhoncus dui vel sem sed sagittis nam congue risus semper porta volutpat quam pede',9),(122,'aglossop3d','User-centric full-range intranet','tempus sit amet sem fusce consequat nulla nisl nunc nisl duis bibendum felis sed interdum venenatis turpis enim blandit',1),(123,'ihing3e','Digitized content-based projection','mauris sit amet eros suspendisse accumsan tortor quis turpis sed ante vivamus tortor duis mattis egestas metus aenean',9),(124,'tdoniso3f','Configurable 24/7 structure','faucibus orci luctus et ultrices posuere cubilia curae duis faucibus accumsan odio curabitur convallis duis consequat dui nec nisi',8),(125,'rmaccaddie3g','Business-focused fault-tolerant moderator','erat id mauris vulputate elementum nullam varius nulla facilisi cras non velit nec nisi vulputate nonummy maecenas tincidunt lacus',7),(126,'mwarrington3h','Quality-focused multi-tasking approach','in faucibus orci luctus et ultrices posuere cubilia curae donec pharetra',1),(127,'vtreswell3i','Re-contextualized mission-critical concept','amet eros suspendisse accumsan tortor quis turpis sed ante vivamus tortor duis mattis egestas metus aenean fermentum donec ut mauris',2),(128,'dfermor3j','Function-based 24/7 function','ante nulla justo aliquam quis turpis eget elit sodales scelerisque mauris sit amet eros suspendisse',7),(129,'wfearnall3k','Mandatory reciprocal function','lacinia aenean sit amet justo morbi ut odio cras mi pede malesuada in imperdiet et commodo',9),(130,'sbemwell3l','Fundamental client-server portal','suspendisse accumsan tortor quis turpis sed ante vivamus tortor duis mattis egestas metus aenean fermentum donec ut mauris eget',6),(131,'omachan3m','Total fault-tolerant moderator','ultrices posuere cubilia curae duis faucibus accumsan odio curabitur convallis duis consequat dui nec nisi volutpat eleifend',1),(132,'ioreagan3n','Persevering next generation core','eget tempus vel pede morbi porttitor lorem id ligula suspendisse ornare consequat lectus in',4),(133,'mdaen3o','Advanced intangible open system','congue eget semper rutrum nulla nunc purus phasellus in felis donec semper sapien a libero nam dui proin leo odio',9),(134,'bmcnulty3p','Re-engineered executive toolset','nullam sit amet turpis elementum ligula vehicula consequat morbi a ipsum integer a nibh in quis justo maecenas',4),(135,'mdavis3q','Open-source composite superstructure','posuere metus vitae ipsum aliquam non mauris morbi non lectus aliquam sit amet diam in magna bibendum',4),(136,'pdrayn3r','Triple-buffered secondary portal','faucibus accumsan odio curabitur convallis duis consequat dui nec nisi volutpat eleifend donec ut',9),(137,'lobbard3s','Front-line 24/7 forecast','erat quisque erat eros viverra eget congue eget semper rutrum nulla nunc purus',0),(138,'jgorhardt3t','Universal discrete architecture','amet cursus id turpis integer aliquet massa id lobortis convallis tortor risus',9),(139,'dlivings3u','Virtual bifurcated groupware','faucibus accumsan odio curabitur convallis duis consequat dui nec nisi volutpat eleifend donec ut dolor',7),(140,'achretien3v','Configurable multimedia task-force','mus vivamus vestibulum sagittis sapien cum sociis natoque penatibus et magnis dis parturient montes nascetur ridiculus mus etiam',0),(141,'rwincer3w','Operative static project','venenatis non sodales sed tincidunt eu felis fusce posuere felis sed lacus morbi sem mauris laoreet ut rhoncus aliquet pulvinar',8),(142,'bpetlyura3x','Re-engineered transitional system engine','dolor morbi vel lectus in quam fringilla rhoncus mauris enim leo rhoncus sed vestibulum sit amet',3),(143,'afante3y','Quality-focused neutral open architecture','magna at nunc commodo placerat praesent blandit nam nulla integer pede justo lacinia eget tincidunt eget tempus',8),(144,'mmablestone3z','Vision-oriented intermediate standardization','sapien placerat ante nulla justo aliquam quis turpis eget elit sodales scelerisque mauris sit amet eros suspendisse',7),(145,'vpond40','Persistent interactive frame','vivamus in felis eu sapien cursus vestibulum proin eu mi nulla ac enim in tempor turpis nec euismod',7),(146,'aspence41','Triple-buffered explicit superstructure','suscipit a feugiat et eros vestibulum ac est lacinia nisi venenatis tristique',9),(147,'cgheeorghie42','Centralized bi-directional open architecture','quam fringilla rhoncus mauris enim leo rhoncus sed vestibulum sit',6),(148,'fgomes43','Cross-group zero tolerance complexity','congue eget semper rutrum nulla nunc purus phasellus in felis donec semper sapien a libero nam',6),(149,'nwaterworth44','Team-oriented 5th generation solution','mauris lacinia sapien quis libero nullam sit amet turpis elementum ligula vehicula consequat morbi a ipsum integer a nibh in',5),(150,'myegorchenkov45','Customizable secondary matrix','blandit non interdum in ante vestibulum ante ipsum primis in faucibus orci luctus et ultrices posuere cubilia curae',7);
/*!40000 ALTER TABLE `comentario` ENABLE KEYS */;
UNLOCK TABLES;

--
-- Table structure for table `replica`
--

DROP TABLE IF EXISTS `replica`;
/*!40101 SET @saved_cs_client     = @@character_set_client */;
/*!50503 SET character_set_client = utf8mb4 */;
CREATE TABLE `replica` (
  `id` int NOT NULL AUTO_INCREMENT,
  `apodo` varchar(20) DEFAULT NULL,
  `descripcion` varchar(150) DEFAULT NULL,
  `id_comentario` int DEFAULT NULL,
  PRIMARY KEY (`id`)
) ENGINE=InnoDB AUTO_INCREMENT=323 DEFAULT CHARSET=utf8mb3;
/*!40101 SET character_set_client = @saved_cs_client */;

--
-- Dumping data for table `replica`
--

LOCK TABLES `replica` WRITE;
/*!40000 ALTER TABLE `replica` DISABLE KEYS */;
INSERT INTO `replica` VALUES (1,'dgearty0','Profit-focused holistic array',32),(4,'bmoultrie3','Cross-platform bandwidth-monitored firmware',55),(7,'kclarey6','Fundamental zero defect data-warehouse',56),(8,'mmenzies7','Networked leading edge forecast',40),(9,'kmadge8','Robust demand-driven structure',46),(24,'tvonhelmholtzn','Self-enabling real-time time-frame',93),(25,'sloudiano','Mandatory regional info-mediaries',111),(27,'pwickesq','Face to face global flexibility',133),(30,'khaytert','Persevering multi-tasking system engine',130),(31,'efortinu','Customer-focused coherent database',98),(33,'flemonw','De-engineered local hierarchy',126),(34,'mcorkishx','Monitored intermediate installation',87),(38,'rjanny11','Digitized zero administration matrices',86),(39,'rdebruin12','Ergonomic regional complexity',98),(43,'kbrydell16','Business-focused bottom-line process improvement',82),(45,'flevett18','Team-oriented content-based hierarchy',35),(47,'bgyurkovics1a','Extended disintermediate knowledge base',94),(49,'ostoacley1c','Progressive web-enabled algorithm',90),(50,'fmatzkaitis1d','Operative dedicated monitoring',22),(52,'jdurie1f','Re-engineered 5th generation contingency',64),(53,'hcranshaw1g','Managed next generation access',16),(54,'slonder1h','Integrated didactic solution',75),(55,'ohunnisett1i','Enterprise-wide logistical architecture',134),(57,'gdumberrill1k','Vision-oriented demand-driven Graphical User Interface',94),(59,'rbarus1m','Assimilated cohesive contingency',16),(60,'ngoodsall1n','Focused multi-state website',105),(65,'plantiffe1s','Operative multi-state function',43),(66,'dcahill1t','Function-based disintermediate circuit',59),(67,'ebrittles1u','Implemented 24 hour contingency',43),(68,'erenvoys1v','Robust object-oriented alliance',112),(70,'darni1x','Enhanced intangible hardware',112),(71,'etythacott1y','Stand-alone dynamic moderator',37),(74,'rknok21','Assimilated web-enabled conglomeration',49),(76,'gbroad23','Seamless fresh-thinking focus group',122),(77,'ctonsley24','Operative bifurcated support',84),(78,'rpavlitschek25','Open-source scalable knowledge base',89),(80,'slong27','Reduced leading edge complexity',141),(81,'mbruton28','Cloned reciprocal project',13),(82,'tjimpson29','Universal 3rd generation standardization',68),(83,'apallatina2a','Mandatory hybrid initiative',72),(84,'pgiovannelli2b','Customer-focused methodical monitoring',15),(87,'pgarratt2e','Triple-buffered even-keeled product',129),(89,'sdurnian2g','Configurable demand-driven open system',59),(91,'econneely2i','Compatible regional middleware',21),(93,'alidierth2k','Programmable regional forecast',25),(95,'tdelacroix2m','Mandatory content-based website',73),(97,'vguillot2o','De-engineered coherent monitoring',47),(98,'mattwell2p','Configurable logistical hardware',110),(99,'erainger2q','Decentralized uniform installation',143),(100,'kguiden2r','Grass-roots bandwidth-monitored definition',51),(104,'lfisbey2v','Self-enabling web-enabled intranet',115),(105,'rkingsmill2w','Team-oriented intermediate installation',51),(106,'kcumming2x','Programmable non-volatile benchmark',129),(108,'bmacpaike2z','Persevering needs-based time-frame',41),(110,'wnewe31','Proactive intermediate knowledge user',33),(111,'opatterson32','Multi-tiered actuating budgetary management',142),(114,'ldigan35','Devolved bi-directional contingency',116),(116,'ogledstane37','Phased zero tolerance application',148),(117,'htucknutt38','Fundamental 24/7 concept',22),(120,'epedrocchi3b','Customizable demand-driven local area network',68),(125,'shurler3g','Upgradable context-sensitive focus group',80),(126,'ealpe3h','Stand-alone demand-driven frame',91),(127,'rfranklen3i','Enhanced discrete knowledge user',131),(128,'fjeffcoate3j','Self-enabling web-enabled paradigm',11),(130,'cplanks3l','Mandatory explicit matrices',68),(138,'csmeal3t','Ameliorated methodical projection',77),(139,'cgosnall3u','Optimized empowering access',74),(141,'bseed3w','Synergistic reciprocal standardization',147),(143,'gbrixey3y','Cross-group foreground service-desk',110),(147,'lcharon42','Object-based transitional hierarchy',53),(151,'kgockelen46','Monitored solution-oriented project',54),(152,'cenoch47','Extended explicit focus group',129),(153,'bslocombe48','Customizable disintermediate analyzer',126),(156,'ajosowitz4b','Operative eco-centric framework',140),(160,'btremaine4f','Inverse mobile core',68),(162,'fcharlesworth4h','De-engineered national benchmark',58),(164,'gberrie4j','Fundamental mobile array',113),(169,'lollerhead4o','Automated solution-oriented complexity',55),(174,'mleatham4t','Programmable empowering firmware',66),(181,'rlade50','Face to face exuding circuit',50),(182,'mthairs51','Decentralized local instruction set',109),(185,'dposselwhite54','Cross-platform multi-state toolset',124),(186,'qbundey55','Quality-focused disintermediate neural-net',28),(188,'gwoolf57','Future-proofed grid-enabled analyzer',83),(189,'ysanger58','Cloned multi-state strategy',54),(190,'mhunnywell59','Team-oriented client-driven matrices',142),(191,'sjimmes5a','Virtual next generation parallelism',122),(192,'sthorley5b','Fully-configurable local frame',107),(193,'ajunes5c','User-friendly client-driven core',18),(194,'ksoane5d','Reactive user-facing contingency',61),(196,'rloudiane5f','Public-key background system engine',91),(197,'elansly5g','Vision-oriented systemic moderator',38),(199,'rclavering5i','Synchronised composite success',80),(200,'mdibdale5j','Multi-tiered multimedia adapter',39),(201,'acolleran5k','Secured stable open architecture',86),(202,'bkynaston5l','Universal background methodology',69),(207,'mbatterton5q','Enhanced user-facing projection',65),(208,'kswitland5r','Organized national artificial intelligence',109),(211,'avasichev5u','Streamlined holistic core',83),(212,'cbrixham5v','Customer-focused homogeneous process improvement',81),(213,'cbrothwood5w','Synergistic uniform attitude',28),(217,'cfouracre60','Cross-platform secondary approach',135),(218,'dbaptie61','Mandatory multi-state capability',80),(222,'abootton65','Triple-buffered contextually-based alliance',116),(224,'aketchen67','Monitored cohesive policy',41),(225,'choultham68','Future-proofed zero administration hardware',96),(226,'lmille69','Diverse multimedia emulation',150),(227,'htilby6a','Re-engineered intermediate budgetary management',53),(232,'prusling6f','Triple-buffered solution-oriented firmware',107),(233,'bbingham6g','Diverse fresh-thinking infrastructure',102),(234,'tubsdall6h','Configurable interactive policy',137),(235,'dmcguirk6i','Open-architected even-keeled functionalities',103),(236,'mandrichuk6j','Distributed object-oriented budgetary management',17),(238,'eshippard6l','Inverse local concept',126),(240,'dmalkinson6n','Secured disintermediate architecture',37),(241,'hocurrigan6o','Open-source bandwidth-monitored contingency',80),(242,'sbaton6p','Streamlined impactful standardization',71),(244,'bbrothers6r','Secured 4th generation product',88),(245,'lbaines6s','Grass-roots regional toolset',28),(247,'cumbert6u','Robust mobile extranet',93),(250,'truffler6x','Balanced context-sensitive middleware',62),(253,'torum70','Profit-focused 6th generation attitude',142),(254,'gwooding71','Total static methodology',114),(255,'cterne72','Phased fault-tolerant function',85),(257,'pbonifacio74','Public-key 3rd generation framework',97),(259,'jperrigo76','Seamless local groupware',79),(260,'dchateau77','Devolved zero administration toolset',79),(261,'rgillatt78','Visionary client-server help-desk',54),(263,'rbavage7a','Fundamental dynamic strategy',104),(264,'rchecchi7b','Advanced local model',82),(265,'chubback7c','Enterprise-wide human-resource extranet',103),(270,'tplewright7h','Ameliorated global challenge',27),(274,'gelrick7l','Cross-group needs-based open architecture',22),(276,'gmayer7n','Implemented eco-centric alliance',130),(277,'hcicculi7o','Front-line interactive implementation',68),(279,'arohlfs7q','Grass-roots mobile benchmark',114),(283,'iprisley7u','Self-enabling executive groupware',115),(288,'gmolineux7z','Advanced national solution',21),(289,'vbrychan80','Optional mission-critical model',105),(293,'bmatusov84','Managed directional pricing structure',88),(294,'tpidler85','Implemented full-range budgetary management',138),(295,'jcronk86','Triple-buffered zero defect application',71),(296,'mtrelease87','Expanded non-volatile capability',131),(299,'hsainter8a','Configurable methodical neural-net',47),(300,'eadamovicz8b','Digitized leading edge analyzer',60),(301,'fteenana','Multi-layered actuating conglomeration',0),(302,'kvictoryb','Vision-oriented object-oriented workforce',0),(303,'djellicorsec','Reactive multimedia functionalities',0),(304,'bwegnerd','Function-based methodical task-force',0),(305,'sstookese','Intuitive intangible moderator',0),(306,'dsheasbyf','Re-engineered responsive software',0),(307,'bcorpesg','Customizable static ability',0),(308,'ebradnockeh','Total national system engine',0),(309,'emorenai','Adaptive explicit firmware',0),(310,'pallibandj','Networked hybrid Graphical User Interface',0),(311,'gmayer7n','Implemented eco-centric alliance',0),(312,'hcicculi7o','Front-line interactive implementation',0),(313,'tmayou6y','Function-based mission-critical ability',0),(314,'dconfort6z','Expanded stable support',0),(315,'torum70','Profit-focused 6th generation attitude',0),(316,'gwooding71','Total static methodology',0),(317,'cterne72','Phased fault-tolerant function',0),(318,'kthaine73','Profound content-based framework',0),(319,'pbonifacio74','Public-key 3rd generation framework',0),(320,'otreadger75','Synergized secondary parallelism',0),(321,'jperrigo76','Seamless local groupware',0),(322,'dchateau77','Devolved zero administration toolset',0);
/*!40000 ALTER TABLE `replica` ENABLE KEYS */;
UNLOCK TABLES;

--
-- Table structure for table `tiene`
--

DROP TABLE IF EXISTS `tiene`;
/*!40101 SET @saved_cs_client     = @@character_set_client */;
/*!50503 SET character_set_client = utf8mb4 */;
CREATE TABLE `tiene` (
  `id_replica_actual` int NOT NULL,
  `id_replica_siguiente` int NOT NULL,
  PRIMARY KEY (`id_replica_actual`,`id_replica_siguiente`)
) ENGINE=InnoDB DEFAULT CHARSET=utf8mb4 COLLATE=utf8mb4_0900_ai_ci;
/*!40101 SET character_set_client = @saved_cs_client */;

--
-- Dumping data for table `tiene`
--

LOCK TABLES `tiene` WRITE;
/*!40000 ALTER TABLE `tiene` DISABLE KEYS */;
INSERT INTO `tiene` VALUES (3,307),(3,308),(3,309),(3,310),(3,311),(3,312),(3,313),(3,314),(3,315),(4,301),(4,302),(4,303),(4,304),(7,322),(9,305),(9,306),(13,316),(13,317),(13,318),(24,320),(25,319),(25,321);
/*!40000 ALTER TABLE `tiene` ENABLE KEYS */;
UNLOCK TABLES;
/*!40103 SET TIME_ZONE=@OLD_TIME_ZONE */;

/*!40101 SET SQL_MODE=@OLD_SQL_MODE */;
/*!40014 SET FOREIGN_KEY_CHECKS=@OLD_FOREIGN_KEY_CHECKS */;
/*!40014 SET UNIQUE_CHECKS=@OLD_UNIQUE_CHECKS */;
/*!40101 SET CHARACTER_SET_CLIENT=@OLD_CHARACTER_SET_CLIENT */;
/*!40101 SET CHARACTER_SET_RESULTS=@OLD_CHARACTER_SET_RESULTS */;
/*!40101 SET COLLATION_CONNECTION=@OLD_COLLATION_CONNECTION */;
/*!40111 SET SQL_NOTES=@OLD_SQL_NOTES */;

-- Dump completed on 2021-11-19 17:34:50
